{
  "stator": {
    "Rint": 0.10472834668611172,
    "Rext": 0.1566130749210852,
    "L1": 0.20185685212050983,
    "Kf1": 0.95,
    "is_internal": true,
    "is_stator": true,
    "R_hex_in": 0.05236417334305586,
    "a": 0.005,
    "d": 0.005,
    "slot": {
      "Zs": 84,
      "H0": 0.000431648977512324,
      "H1": 0.000863297955024648,
      "H2": 0.04202643928389162,
      "W0": 0.0024364232016217562,
      "W1": 0.0048728464032435125,
      "W2": 0.0048728464032435125,
      "is_bore": true,
      "wedge_mat": null,
      "H1_is_rad": false
    },
    "winding": {
      "qs": 3,
      "p": 14,
      "Nlayer": 2,
      "is_change_layer": true,
      "is_aper_a": true,
      "coil_pitch": 3,
      "Ntcoil": 2,
      "Npcp": 10,
      "Nslot_shift_wind": 0,
      "is_reverse_wind": false,
      "Lewout": 0.011711949109312144,
      "conductor": {
        "Wwire": 0.0001605,
        "Wins_cond": 0.004612844051929102,
        "Nwppc": 751,
        "Wins_wire": 4.093535089833148e-05,
        "Kwoh": 0.65
      }
    }
  },
  "rotor": {
    "Rint": 0.19147488183151828,
    "Rext": 0.20003822385006317,
    "is_internal": false,
    "is_stator": false,
    "Kf1": 0.95,
    "L1": 0.20185685212050983,
    "slot": {
      "H0": 0.03259961805046186,
      "Zs": 28
    },
    "magnet": {
      "Lmag": 0.20185685212050983
    }
  },
  "shaft": null,
  "frame": null,
  "tms": {
    "Temperatures": [
      300.0,
      379.1960737811986,
      388.4454602508182,
      442.36814243600963,
      424.6233833358745,
      445.49102422797455,
      440.3327664855304,
      447.3928236641678,
      447.8212403712639,
      449.1907232001706,
      300.0,
      458.4490928631802,
      451.24147764449833,
      375.72411587796995,
      354.8450363100785,
      300.0
    ],
    "Coordinates": [
      [
        0.07832662874092325,
        0.005869769361753459
      ],
      [
        0.10493410688648826,
        0.007863724195797825
      ],
      [
        0.1097024073738059,
        0.008221058917820247
      ],
      [
        0.12369189187431347,
        0.013936729099285554
      ],
      [
        0.12412650567193974,
        0.009301995651882321
      ],
      [
        0.13381073719349204,
        0.015076849149791884
      ],
      [
        0.1342809053813465,
        0.010062962710715185
      ],
      [
        0.14392958251267063,
        0.01621696920029821
      ],
      [
        0.14443530509075325,
        0.010823929769548048
      ],
      [
        0.15588103079843402,
        0.011681668333838855
      ],
      [
        0.15765462545812314,
        0.011814580879175732
      ],
      [
        0.16690967284531943,
        0.012508150798731814
      ],
      [
        0.1831639042986078,
        0.013726237052628164
      ],
      [
        0.19673709635951991,
        0.014743407179582847
      ],
      [
        0.20218317269378785,
        0.015151534179589357
      ],
      [
        0.21307532536232374,
        0.01596778817960237
      ]
    ],
    "Connections": [
      [
        0,
        1
      ],
      [
        1,
        2
      ],
      [
        2,
        3
      ],
      [
        2,
        4
      ],
      [
        3,
        4
      ],
      [
        3,
        5
      ],
      [
        4,
        6
      ],
      [
        5,
        6
      ],
      [
        5,
        7
      ],
      [
        6,
        8
      ],
      [
        7,
        8
      ],
      [
        8,
        9
      ],
      [
        7,
        10
      ],
      [
        9,
        10
      ],
      [
        10,
        11
      ],
      [
        11,
        12
      ],
      [
        12,
        13
      ],
      [
        13,
        14
      ],
      [
        14,
        15
      ]
    ]
  },
  "operation": {
    "omm": 767.9448708775051,
    "P": 2500000.0,
    "torque": 3255.4420177887678,
    "I": 1055.4923050412356
  }
}